IF db_id('octestdb') is null CREATE DATABASE octestdb;
GO

USE octestdb;
GO

DROP TABLE IF EXISTS dbo.Person
CREATE TABLE dbo.Person
(
    id varchar(100)
    , Name varchar(MAX)
    , Born int NULL
    , CONSTRAINT PK_PERSON
    PRIMARY KEY CLUSTERED (id)
    WITH (IGNORE_DUP_KEY = OFF)
)
INSERT INTO Person (id, Name, Born)
    VALUES ('Keanu Reeves', 'Keanu Reeves', 1964)
INSERT INTO Person (id, Name, Born)
    VALUES ('Carrie-Anne Moss', 'Carrie-Anne Moss', 1967)
INSERT INTO Person (id, Name, Born)
    VALUES ('Laurence Fishburne', 'Laurence Fishburne', 1961)
INSERT INTO Person (id, Name, Born)
    VALUES ('Hugo Weaving', 'Hugo Weaving', 1960)
INSERT INTO Person (id, Name, Born)
    VALUES ('Lilly Wachowski', 'Lilly Wachowski', 1967)
INSERT INTO Person (id, Name, Born)
    VALUES ('Lana Wachowski', 'Lana Wachowski', 1965)
INSERT INTO Person (id, Name, Born)
    VALUES ('Joel Silver', 'Joel Silver', 1952)
INSERT INTO Person (id, Name, Born)
    VALUES ('Emil Eifrem', 'Emil Eifrem', 1978)
INSERT INTO Person (id, Name, Born)
    VALUES ('Charlize Theron', 'Charlize Theron', 1975)
INSERT INTO Person (id, Name, Born)
    VALUES ('Al Pacino', 'Al Pacino', 1940)
INSERT INTO Person (id, Name, Born)
    VALUES ('Taylor Hackford', 'Taylor Hackford', 1944)
INSERT INTO Person (id, Name, Born)
    VALUES ('Tom Cruise', 'Tom Cruise', 1962)
INSERT INTO Person (id, Name, Born)
    VALUES ('Jack Nicholson', 'Jack Nicholson', 1937)
INSERT INTO Person (id, Name, Born)
    VALUES ('Demi Moore', 'Demi Moore', 1962)
INSERT INTO Person (id, Name, Born)
    VALUES ('Kevin Bacon', 'Kevin Bacon', 1958)
INSERT INTO Person (id, Name, Born)
    VALUES ('Kiefer Sutherland', 'Kiefer Sutherland', 1966)
INSERT INTO Person (id, Name, Born)
    VALUES ('Noah Wyle', 'Noah Wyle', 1971)
INSERT INTO Person (id, Name, Born)
    VALUES ('Cuba Gooding Jr.', 'Cuba Gooding Jr.', 1968)
INSERT INTO Person (id, Name, Born)
    VALUES ('Kevin Pollak', 'Kevin Pollak', 1957)
INSERT INTO Person (id, Name, Born)
    VALUES ('J.T. Walsh', 'J.T. Walsh', 1943)
INSERT INTO Person (id, Name, Born)
    VALUES ('James Marshall', 'James Marshall', 1967)
INSERT INTO Person (id, Name, Born)
    VALUES ('Christopher Guest', 'Christopher Guest', 1948)
INSERT INTO Person (id, Name, Born)
    VALUES ('Rob Reiner', 'Rob Reiner', 1947)
INSERT INTO Person (id, Name, Born)
    VALUES ('Aaron Sorkin', 'Aaron Sorkin', 1961)
INSERT INTO Person (id, Name, Born)
    VALUES ('Kelly McGillis', 'Kelly McGillis', 1957)
INSERT INTO Person (id, Name, Born)
    VALUES ('Val Kilmer', 'Val Kilmer', 1959)
INSERT INTO Person (id, Name, Born)
    VALUES ('Anthony Edwards', 'Anthony Edwards', 1962)
INSERT INTO Person (id, Name, Born)
    VALUES ('Tom Skerritt', 'Tom Skerritt', 1933)
INSERT INTO Person (id, Name, Born)
    VALUES ('Meg Ryan', 'Meg Ryan', 1961)
INSERT INTO Person (id, Name, Born)
    VALUES ('Tony Scott', 'Tony Scott', 1944)
INSERT INTO Person (id, Name, Born)
    VALUES ('Jim Cash', 'Jim Cash', 1941)
INSERT INTO Person (id, Name, Born)
    VALUES ('Renee Zellweger', 'Renee Zellweger', 1969)
INSERT INTO Person (id, Name, Born)
    VALUES ('Kelly Preston', 'Kelly Preston', 1962)
INSERT INTO Person (id, Name, Born)
    VALUES ('Jerry O''Connell', 'Jerry O''Connell', 1974)
INSERT INTO Person (id, Name, Born)
    VALUES ('Jay Mohr', 'Jay Mohr', 1970)
INSERT INTO Person (id, Name, Born)
    VALUES ('Bonnie Hunt', 'Bonnie Hunt', 1961)
INSERT INTO Person (id, Name, Born)
    VALUES ('Regina King', 'Regina King', 1971)
INSERT INTO Person (id, Name, Born)
    VALUES ('Jonathan Lipnicki', 'Jonathan Lipnicki', 1996)
INSERT INTO Person (id, Name, Born)
    VALUES ('Cameron Crowe', 'Cameron Crowe', 1957)
INSERT INTO Person (id, Name, Born)
    VALUES ('River Phoenix', 'River Phoenix', 1970)
INSERT INTO Person (id, Name, Born)
    VALUES ('Corey Feldman', 'Corey Feldman', 1971)
INSERT INTO Person (id, Name, Born)
    VALUES ('Wil Wheaton', 'Wil Wheaton', 1972)
INSERT INTO Person (id, Name, Born)
    VALUES ('John Cusack', 'John Cusack', 1966)
INSERT INTO Person (id, Name, Born)
    VALUES ('Marshall Bell', 'Marshall Bell', 1942)
INSERT INTO Person (id, Name, Born)
    VALUES ('Helen Hunt', 'Helen Hunt', 1963)
INSERT INTO Person (id, Name, Born)
    VALUES ('Greg Kinnear', 'Greg Kinnear', 1963)
INSERT INTO Person (id, Name, Born)
    VALUES ('James L. Brooks', 'James L. Brooks', 1940)
INSERT INTO Person (id, Name, Born)
    VALUES ('Annabella Sciorra', 'Annabella Sciorra', 1960)
INSERT INTO Person (id, Name, Born)
    VALUES ('Max von Sydow', 'Max von Sydow', 1929)
INSERT INTO Person (id, Name, Born)
    VALUES ('Werner Herzog', 'Werner Herzog', 1942)
INSERT INTO Person (id, Name, Born)
    VALUES ('Robin Williams', 'Robin Williams', 1951)
INSERT INTO Person (id, Name, Born)
    VALUES ('Vincent Ward', 'Vincent Ward', 1956)
INSERT INTO Person (id, Name, Born)
    VALUES ('Ethan Hawke', 'Ethan Hawke', 1970)
INSERT INTO Person (id, Name, Born)
    VALUES ('Rick Yune', 'Rick Yune', 1971)
INSERT INTO Person (id, Name, Born)
    VALUES ('James Cromwell', 'James Cromwell', 1940)
INSERT INTO Person (id, Name, Born)
    VALUES ('Scott Hicks', 'Scott Hicks', 1953)
INSERT INTO Person (id, Name, Born)
    VALUES ('Parker Posey', 'Parker Posey', 1968)
INSERT INTO Person (id, Name, Born)
    VALUES ('Dave Chappelle', 'Dave Chappelle', 1973)
INSERT INTO Person (id, Name, Born)
    VALUES ('Steve Zahn', 'Steve Zahn', 1967)
INSERT INTO Person (id, Name, Born)
    VALUES ('Tom Hanks', 'Tom Hanks', 1956)
INSERT INTO Person (id, Name, Born)
    VALUES ('Nora Ephron', 'Nora Ephron', 1941)
INSERT INTO Person (id, Name, Born)
    VALUES ('Rita Wilson', 'Rita Wilson', 1956)
INSERT INTO Person (id, Name, Born)
    VALUES ('Bill Pullman', 'Bill Pullman', 1953)
INSERT INTO Person (id, Name, Born)
    VALUES ('Victor Garber', 'Victor Garber', 1949)
INSERT INTO Person (id, Name, Born)
    VALUES ('Rosie O''Donnell', 'Rosie O''Donnell', 1962)
INSERT INTO Person (id, Name, Born)
    VALUES ('John Patrick Stanley', 'John Patrick Stanley', 1950)
INSERT INTO Person (id, Name, Born)
    VALUES ('Nathan Lane', 'Nathan Lane', 1956)
INSERT INTO Person (id, Name, Born)
    VALUES ('Billy Crystal', 'Billy Crystal', 1948)
INSERT INTO Person (id, Name, Born)
    VALUES ('Carrie Fisher', 'Carrie Fisher', 1956)
INSERT INTO Person (id, Name, Born)
    VALUES ('Bruno Kirby', 'Bruno Kirby', 1949)
INSERT INTO Person (id, Name, Born)
    VALUES ('Liv Tyler', 'Liv Tyler', 1977)
INSERT INTO Person (id, Name, Born)
    VALUES ('Brooke Langton', 'Brooke Langton', 1970)
INSERT INTO Person (id, Name, Born)
    VALUES ('Gene Hackman', 'Gene Hackman', 1930)
INSERT INTO Person (id, Name, Born)
    VALUES ('Orlando Jones', 'Orlando Jones', 1968)
INSERT INTO Person (id, Name, Born)
    VALUES ('Howard Deutch', 'Howard Deutch', 1950)
INSERT INTO Person (id, Name, Born)
    VALUES ('Christian Bale', 'Christian Bale', 1974)
INSERT INTO Person (id, Name, Born)
    VALUES ('Zach Grenier', 'Zach Grenier', 1954)
INSERT INTO Person (id, Name, Born)
    VALUES ('Mike Nichols', 'Mike Nichols', 1931)
INSERT INTO Person (id, Name, Born)
    VALUES ('Richard Harris', 'Richard Harris', 1930)
INSERT INTO Person (id, Name, Born)
    VALUES ('Clint Eastwood', 'Clint Eastwood', 1930)
INSERT INTO Person (id, Name, Born)
    VALUES ('Takeshi Kitano', 'Takeshi Kitano', 1947)
INSERT INTO Person (id, Name, Born)
    VALUES ('Dina Meyer', 'Dina Meyer', 1968)
INSERT INTO Person (id, Name, Born)
    VALUES ('Ice-T', 'Ice-T', 1958)
INSERT INTO Person (id, Name, Born)
    VALUES ('Robert Longo', 'Robert Longo', 1953)
INSERT INTO Person (id, Name, Born)
    VALUES ('Halle Berry', 'Halle Berry', 1966)
INSERT INTO Person (id, Name, Born)
    VALUES ('Jim Broadbent', 'Jim Broadbent', 1949)
INSERT INTO Person (id, Name, Born)
    VALUES ('Tom Tykwer', 'Tom Tykwer', 1965)
INSERT INTO Person (id, Name, Born)
    VALUES ('David Mitchell', 'David Mitchell', 1969)
INSERT INTO Person (id, Name, Born)
    VALUES ('Stefan Arndt', 'Stefan Arndt', 1961)
INSERT INTO Person (id, Name, Born)
    VALUES ('Ian McKellen', 'Ian McKellen', 1939)
INSERT INTO Person (id, Name, Born)
    VALUES ('Audrey Tautou', 'Audrey Tautou', 1976)
INSERT INTO Person (id, Name, Born)
    VALUES ('Paul Bettany', 'Paul Bettany', 1971)
INSERT INTO Person (id, Name, Born)
    VALUES ('Ron Howard', 'Ron Howard', 1954)
INSERT INTO Person (id, Name, Born)
    VALUES ('Natalie Portman', 'Natalie Portman', 1981)
INSERT INTO Person (id, Name, Born)
    VALUES ('Stephen Rea', 'Stephen Rea', 1946)
INSERT INTO Person (id, Name, Born)
    VALUES ('John Hurt', 'John Hurt', 1940)
INSERT INTO Person (id, Name, Born)
    VALUES ('', 'Ben Miles', 1967)
INSERT INTO Person (id, Name, Born)
    VALUES ('Emile Hirsch', 'Emile Hirsch', 1985)
INSERT INTO Person (id, Name, Born)
    VALUES ('John Goodman', 'John Goodman', 1960)
INSERT INTO Person (id, Name, Born)
    VALUES ('Susan Sarandon', 'Susan Sarandon', 1946)
INSERT INTO Person (id, Name, Born)
    VALUES ('Matthew Fox', 'Matthew Fox', 1966)
INSERT INTO Person (id, Name, Born)
    VALUES ('Christina Ricci', 'Christina Ricci', 1980)
INSERT INTO Person (id, Name, Born)
    VALUES ('Rain', 'Rain', 1982)
INSERT INTO Person (id, Name, Born)
    VALUES ('Naomie Harris', 'Naomie Harris', NULL)
INSERT INTO Person (id, Name, Born)
    VALUES ('Michael Clarke Duncan', 'Michael Clarke Duncan', 1957)
INSERT INTO Person (id, Name, Born)
    VALUES ('David Morse', 'David Morse', 1953)
INSERT INTO Person (id, Name, Born)
    VALUES ('Sam Rockwell', 'Sam Rockwell', 1968)
INSERT INTO Person (id, Name, Born)
    VALUES ('Gary Sinise', 'Gary Sinise', 1955)
INSERT INTO Person (id, Name, Born)
    VALUES ('Patricia Clarkson', 'Patricia Clarkson', 1959)
INSERT INTO Person (id, Name, Born)
    VALUES ('Frank Darabont', 'Frank Darabont', 1959)
INSERT INTO Person (id, Name, Born)
    VALUES ('Frank Langella', 'Frank Langella', 1938)
INSERT INTO Person (id, Name, Born)
    VALUES ('Michael Sheen', 'Michael Sheen', 1969)
INSERT INTO Person (id, Name, Born)
    VALUES ('Oliver Platt', 'Oliver Platt', 1960)
INSERT INTO Person (id, Name, Born)
    VALUES ('Danny DeVito', 'Danny DeVito', 1944)
INSERT INTO Person (id, Name, Born)
    VALUES ('John C. Reilly', 'John C. Reilly', 1965)
INSERT INTO Person (id, Name, Born)
    VALUES ('Ed Harris', 'Ed Harris', 1950)
INSERT INTO Person (id, Name, Born)
    VALUES ('Bill Paxton', 'Bill Paxton', 1955)
INSERT INTO Person (id, Name, Born)
    VALUES ('Philip Seymour Hoffman', 'Philip Seymour Hoffman', 1967)
INSERT INTO Person (id, Name, Born)
    VALUES ('Jan de Bont', 'Jan de Bont', 1943)
INSERT INTO Person (id, Name, Born)
    VALUES ('Robert Zemeckis', 'Robert Zemeckis', 1951)
INSERT INTO Person (id, Name, Born)
    VALUES ('Milos Forman', 'Milos Forman', 1932)
INSERT INTO Person (id, Name, Born)
    VALUES ('Diane Keaton', 'Diane Keaton', 1946)
INSERT INTO Person (id, Name, Born)
    VALUES ('Nancy Meyers', 'Nancy Meyers', 1949)
INSERT INTO Person (id, Name, Born)
    VALUES ('Chris Columbus', 'Chris Columbus', 1958)
INSERT INTO Person (id, Name, Born)
    VALUES ('Julia Roberts', 'Julia Roberts', 1967)
INSERT INTO Person (id, Name, Born)
    VALUES ('Madonna', 'Madonna', 1954)
INSERT INTO Person (id, Name, Born)
    VALUES ('Geena Davis', 'Geena Davis', 1956)
INSERT INTO Person (id, Name, Born)
    VALUES ('Lori Petty', 'Lori Petty', 1963)
INSERT INTO Person (id, Name, Born)
    VALUES ('Penny Marshall', 'Penny Marshall', 1943)
INSERT INTO Person (id, Name, Born)
    VALUES ('Paul Blythe', 'Paul Blythe', NULL)
INSERT INTO Person (id, Name, Born)
    VALUES ('Angela Scope', 'Angela Scope', NULL)
INSERT INTO Person (id, Name, Born)
    VALUES ('Jessica Thompson', 'Jessica Thompson', NULL)
INSERT INTO Person (id, Name, Born)
    VALUES ('James Thompson', 'James Thompson', NULL)
DROP TABLE IF EXISTS dbo.Movie
CREATE TABLE dbo.Movie
(
    id varchar(100)
    , Title varchar(MAX)
    , Tagline varchar(MAX)
    , Released int
    , CONSTRAINT PK_MOVIE
    PRIMARY KEY CLUSTERED (id)
    WITH (IGNORE_DUP_KEY = OFF)
)
INSERT INTO Movie (id, Title, Tagline, Released)
    VALUES ('The Matrix', 'The Matrix', 'Welcome to the Real World', 1999)
INSERT INTO Movie (id, Title, Tagline, Released)
    VALUES ('The Matrix Reloaded', 'The Matrix Reloaded', 'Free your mind', 2003)
INSERT INTO Movie (id, Title, Tagline, Released)
    VALUES ('The Matrix Revolutions', 'The Matrix Revolutions', 'Everything that has a beginning has an end', 2003)
INSERT INTO Movie (id, Title, Tagline, Released)
    VALUES ('The Devil''s Advocate', 'The Devil''s Advocate', 'Evil has its winning ways', 1997)
INSERT INTO Movie (id, Title, Tagline, Released)
    VALUES ('A Few Good Men', 'A Few Good Men', 'In the heart of the nation''s capital, in a courthouse of the U.S. government, one man will stop at nothing to keep his honor, and one will stop at nothing to find the truth.', 1992)
INSERT INTO Movie (id, Title, Tagline, Released)
    VALUES ('Top Gun', 'Top Gun', 'I feel the need, the need for speed.', 1986)
INSERT INTO Movie (id, Title, Tagline, Released)
    VALUES ('Jerry Maguire', 'Jerry Maguire', 'The rest of his life begins now.', 2000)
INSERT INTO Movie (id, Title, Tagline, Released)
    VALUES ('Stand By Me', 'Stand By Me', 'For some, it''s the last real taste of innocence, and the first real taste of life. But for everyone, it''s the time that memories are made of.', 1986)
INSERT INTO Movie (id, Title, Tagline, Released)
    VALUES ('As Good as It Gets', 'As Good as It Gets', 'A comedy from the heart that goes for the throat.', 1997)
INSERT INTO Movie (id, Title, Tagline, Released)
    VALUES ('What Dreams May Come', 'What Dreams May Come', 'After life there is more. The end is just the beginning.', 1998)
INSERT INTO Movie (id, Title, Tagline, Released)
    VALUES ('Snow Falling on Cedars', 'Snow Falling on Cedars', 'First loves last. Forever.', 1999)
INSERT INTO Movie (id, Title, Tagline, Released)
    VALUES ('You''ve Got Mail', 'You''ve Got Mail', 'At odds in life... in love on-line.', 1998)
INSERT INTO Movie (id, Title, Tagline, Released)
    VALUES ('Sleepless in Seattle', 'Sleepless in Seattle', 'What if someone you never met, someone you never saw, someone you never knew was the only someone for you?', 1993)
INSERT INTO Movie (id, Title, Tagline, Released)
    VALUES ('Joe Versus the Volcano', 'Joe Versus the Volcano', 'A story of love, lava and burning desire.', 1990)
INSERT INTO Movie (id, Title, Tagline, Released)
    VALUES ('When Harry Met Sally', 'When Harry Met Sally', 'At odds in life... in love on-line.', 1998)
INSERT INTO Movie (id, Title, Tagline, Released)
    VALUES ('That Thing You Do', 'That Thing You Do', 'In every life there comes a time when that thing you dream becomes that thing you do', 1996)
INSERT INTO Movie (id, Title, Tagline, Released)
    VALUES ('The Replacements', 'The Replacements', 'Pain heals, Chicks dig scars... Glory lasts forever', 2000)
INSERT INTO Movie (id, Title, Tagline, Released)
    VALUES ('RescueDawn', 'RescueDawn', 'Based on the extraordinary true story of one man''s fight for freedom', 2006)
INSERT INTO Movie (id, Title, Tagline, Released)
    VALUES ('The Birdcage', 'The Birdcage', 'Come as you are', 1996)
INSERT INTO Movie (id, Title, Tagline, Released)
    VALUES ('Unforgiven', 'Unforgiven', 'It''s a hell of a thing, killing a man', 1992)
INSERT INTO Movie (id, Title, Tagline, Released)
    VALUES ('Johnny Mnemonic', 'Johnny Mnemonic', 'The hottest data on earth. In the coolest head in town', 1995)
INSERT INTO Movie (id, Title, Tagline, Released)
    VALUES ('Cloud Atlas', 'Cloud Atlas', 'Everything is connected', 2012)
INSERT INTO Movie (id, Title, Tagline, Released)
    VALUES ('The Da Vinci Code', 'The Da Vinci Code', 'Break The Codes', 2006)
INSERT INTO Movie (id, Title, Tagline, Released)
    VALUES ('V for Vendetta', 'V for Vendetta', 'Freedom! Forever!', 2006)
INSERT INTO Movie (id, Title, Tagline, Released)
    VALUES ('Speed Racer', 'Speed Racer', 'Speed has no limits', 2008)
INSERT INTO Movie (id, Title, Tagline, Released)
    VALUES ('Ninja Assassin', 'Ninja Assassin', 'Prepare to enter a secret world of assassins', 2009)
INSERT INTO Movie (id, Title, Tagline, Released)
    VALUES ('The Green Mile', 'The Green Mile', 'Walk a mile you''ll never forget.', 1999)
INSERT INTO Movie (id, Title, Tagline, Released)
    VALUES ('Frost/Nixon', 'Frost/Nixon', '400 million people were waiting for the truth.', 2008)
INSERT INTO Movie (id, Title, Tagline, Released)
    VALUES ('Hoffa', 'Hoffa', 'He didn''t want law. He wanted justice.', 1992)
INSERT INTO Movie (id, Title, Tagline, Released)
    VALUES ('Apollo 13', 'Apollo 13', 'Houston, we have a problem.', 1995)
INSERT INTO Movie (id, Title, Tagline, Released)
    VALUES ('Twister', 'Twister', 'Don''t Breathe. Don''t Look Back.', 1996)
INSERT INTO Movie (id, Title, Tagline, Released)
    VALUES ('Cast Away', 'Cast Away', 'At the edge of the world, his journey begins.', 2000)
INSERT INTO Movie (id, Title, Tagline, Released)
    VALUES ('One Flew Over the Cuckoo''s Nest', 'One Flew Over the Cuckoo''s Nest', 'If he''s crazy, what does that make you?', 1975)
INSERT INTO Movie (id, Title, Tagline, Released)
    VALUES ('Something''s Gotta Give', 'Something''s Gotta Give', '', 2003)
INSERT INTO Movie (id, Title, Tagline, Released)
    VALUES ('Bicentennial Man', 'Bicentennial Man', 'One robot''s 200 year journey to become an ordinary man.', 1999)
INSERT INTO Movie (id, Title, Tagline, Released)
    VALUES ('Charlie Wilson''s War', 'Charlie Wilson''s War', 'A stiff drink. A little mascara. A lot of nerve. Who said they couldn''t bring down the Soviet empire.', 2007)
INSERT INTO Movie (id, Title, Tagline, Released)
    VALUES ('The Polar Express', 'The Polar Express', 'This Holiday Season… Believe', 2004)
INSERT INTO Movie (id, Title, Tagline, Released)
    VALUES ('A League of Their Own', 'A League of Their Own', 'Once in a lifetime you get a chance to do something different.', 1992)
DROP TABLE IF EXISTS dbo.ActedIn
CREATE TABLE dbo.ActedIn
(
    _vertexId varchar(100)
    , _sink varchar(100)
    , Roles varchar(MAX)
    , CONSTRAINT PK_ACTEDIN
    PRIMARY KEY CLUSTERED (_vertexId, _sink)
    WITH (IGNORE_DUP_KEY = OFF)
)
INSERT INTO ActedIn (_vertexId, _sink, Roles)
    VALUES ('Emil Eifrem', 'The Matrix', 'Emil')
INSERT INTO ActedIn (_vertexId, _sink, Roles)
    VALUES ('Hugo Weaving', 'The Matrix', 'Agent Smith')
INSERT INTO ActedIn (_vertexId, _sink, Roles)
    VALUES ('Laurence Fishburne', 'The Matrix', 'Morpheus')
INSERT INTO ActedIn (_vertexId, _sink, Roles)
    VALUES ('Carrie-Anne Moss', 'The Matrix', 'Trinity')
INSERT INTO ActedIn (_vertexId, _sink, Roles)
    VALUES ('Keanu Reeves', 'The Matrix', 'Neo')
INSERT INTO ActedIn (_vertexId, _sink, Roles)
    VALUES ('Hugo Weaving', 'The Matrix Reloaded', 'Agent Smith')
INSERT INTO ActedIn (_vertexId, _sink, Roles)
    VALUES ('Laurence Fishburne', 'The Matrix Reloaded', 'Morpheus')
INSERT INTO ActedIn (_vertexId, _sink, Roles)
    VALUES ('Carrie-Anne Moss', 'The Matrix Reloaded', 'Trinity')
INSERT INTO ActedIn (_vertexId, _sink, Roles)
    VALUES ('Keanu Reeves', 'The Matrix Reloaded', 'Neo')
INSERT INTO ActedIn (_vertexId, _sink, Roles)
    VALUES ('Hugo Weaving', 'The Matrix Revolutions', 'Agent Smith')
INSERT INTO ActedIn (_vertexId, _sink, Roles)
    VALUES ('Laurence Fishburne', 'The Matrix Revolutions', 'Morpheus')
INSERT INTO ActedIn (_vertexId, _sink, Roles)
    VALUES ('Carrie-Anne Moss', 'The Matrix Revolutions', 'Trinity')
INSERT INTO ActedIn (_vertexId, _sink, Roles)
    VALUES ('Keanu Reeves', 'The Matrix Revolutions', 'Neo')
INSERT INTO ActedIn (_vertexId, _sink, Roles)
    VALUES ('Al Pacino', 'The Devil''s Advocate', 'John Milton')
INSERT INTO ActedIn (_vertexId, _sink, Roles)
    VALUES ('Charlize Theron', 'The Devil''s Advocate', 'Mary Ann Lomax')
INSERT INTO ActedIn (_vertexId, _sink, Roles)
    VALUES ('Keanu Reeves', 'The Devil''s Advocate', 'Kevin Lomax')
INSERT INTO ActedIn (_vertexId, _sink, Roles)
    VALUES ('James Marshall', 'A Few Good Men', 'Pfc. Louden Downey')
INSERT INTO ActedIn (_vertexId, _sink, Roles)
    VALUES ('Kevin Pollak', 'A Few Good Men', 'Lt. Sam Weinberg')
INSERT INTO ActedIn (_vertexId, _sink, Roles)
    VALUES ('J.T. Walsh', 'A Few Good Men', 'Lt. Col. Matthew Andrew Markinson')
INSERT INTO ActedIn (_vertexId, _sink, Roles)
    VALUES ('Aaron Sorkin', 'A Few Good Men', 'Man in Bar')
INSERT INTO ActedIn (_vertexId, _sink, Roles)
    VALUES ('Cuba Gooding Jr.', 'A Few Good Men', 'Cpl. Carl Hammaker')
INSERT INTO ActedIn (_vertexId, _sink, Roles)
    VALUES ('Christopher Guest', 'A Few Good Men', 'Dr. Stone')
INSERT INTO ActedIn (_vertexId, _sink, Roles)
    VALUES ('Noah Wyle', 'A Few Good Men', 'Cpl. Jeffrey Barnes')
INSERT INTO ActedIn (_vertexId, _sink, Roles)
    VALUES ('Kiefer Sutherland', 'A Few Good Men', 'Lt. Jonathan Kendrick')
INSERT INTO ActedIn (_vertexId, _sink, Roles)
    VALUES ('Kevin Bacon', 'A Few Good Men', 'Capt. Jack Ross')
INSERT INTO ActedIn (_vertexId, _sink, Roles)
    VALUES ('Demi Moore', 'A Few Good Men', 'Lt. Cdr. JoAnne Galloway')
INSERT INTO ActedIn (_vertexId, _sink, Roles)
    VALUES ('Jack Nicholson', 'A Few Good Men', 'Col. Nathan R. Jessup')
INSERT INTO ActedIn (_vertexId, _sink, Roles)
    VALUES ('Tom Cruise', 'A Few Good Men', 'Lt. Daniel Kaffee')
INSERT INTO ActedIn (_vertexId, _sink, Roles)
    VALUES ('Val Kilmer', 'Top Gun', 'Iceman')
INSERT INTO ActedIn (_vertexId, _sink, Roles)
    VALUES ('Meg Ryan', 'Top Gun', 'Carole')
INSERT INTO ActedIn (_vertexId, _sink, Roles)
    VALUES ('Tom Skerritt', 'Top Gun', 'Viper')
INSERT INTO ActedIn (_vertexId, _sink, Roles)
    VALUES ('Kelly McGillis', 'Top Gun', 'Charlie')
INSERT INTO ActedIn (_vertexId, _sink, Roles)
    VALUES ('Tom Cruise', 'Top Gun', 'Maverick')
INSERT INTO ActedIn (_vertexId, _sink, Roles)
    VALUES ('Anthony Edwards', 'Top Gun', 'Goose')
INSERT INTO ActedIn (_vertexId, _sink, Roles)
    VALUES ('Jerry O''Connell', 'Jerry Maguire', 'Frank Cushman')
INSERT INTO ActedIn (_vertexId, _sink, Roles)
    VALUES ('Bonnie Hunt', 'Jerry Maguire', 'Laurel Boyd')
INSERT INTO ActedIn (_vertexId, _sink, Roles)
    VALUES ('Jay Mohr', 'Jerry Maguire', 'Bob Sugar')
INSERT INTO ActedIn (_vertexId, _sink, Roles)
    VALUES ('Cuba Gooding Jr.', 'Jerry Maguire', 'Rod Tidwell')
INSERT INTO ActedIn (_vertexId, _sink, Roles)
    VALUES ('Jonathan Lipnicki', 'Jerry Maguire', 'Ray Boyd')
INSERT INTO ActedIn (_vertexId, _sink, Roles)
    VALUES ('Renee Zellweger', 'Jerry Maguire', 'Dorothy Boyd')
INSERT INTO ActedIn (_vertexId, _sink, Roles)
    VALUES ('Kelly Preston', 'Jerry Maguire', 'Avery Bishop')
INSERT INTO ActedIn (_vertexId, _sink, Roles)
    VALUES ('Regina King', 'Jerry Maguire', 'Marcee Tidwell')
INSERT INTO ActedIn (_vertexId, _sink, Roles)
    VALUES ('Tom Cruise', 'Jerry Maguire', 'Jerry Maguire')
INSERT INTO ActedIn (_vertexId, _sink, Roles)
    VALUES ('Jerry O''Connell', 'Stand By Me', 'Vern Tessio')
INSERT INTO ActedIn (_vertexId, _sink, Roles)
    VALUES ('River Phoenix', 'Stand By Me', 'Chris Chambers')
INSERT INTO ActedIn (_vertexId, _sink, Roles)
    VALUES ('Marshall Bell', 'Stand By Me', 'Mr. Lachance')
INSERT INTO ActedIn (_vertexId, _sink, Roles)
    VALUES ('Wil Wheaton', 'Stand By Me', 'Gordie Lachance')
INSERT INTO ActedIn (_vertexId, _sink, Roles)
    VALUES ('Kiefer Sutherland', 'Stand By Me', 'Ace Merrill')
INSERT INTO ActedIn (_vertexId, _sink, Roles)
    VALUES ('John Cusack', 'Stand By Me', 'Denny Lachance')
INSERT INTO ActedIn (_vertexId, _sink, Roles)
    VALUES ('Corey Feldman', 'Stand By Me', 'Teddy Duchamp')
INSERT INTO ActedIn (_vertexId, _sink, Roles)
    VALUES ('Helen Hunt', 'As Good as It Gets', 'Carol Connelly')
INSERT INTO ActedIn (_vertexId, _sink, Roles)
    VALUES ('Jack Nicholson', 'As Good as It Gets', 'Melvin Udall')
INSERT INTO ActedIn (_vertexId, _sink, Roles)
    VALUES ('Cuba Gooding Jr.', 'As Good as It Gets', 'Frank Sachs')
INSERT INTO ActedIn (_vertexId, _sink, Roles)
    VALUES ('Greg Kinnear', 'As Good as It Gets', 'Simon Bishop')
INSERT INTO ActedIn (_vertexId, _sink, Roles)
    VALUES ('Robin Williams', 'What Dreams May Come', 'Chris Nielsen')
INSERT INTO ActedIn (_vertexId, _sink, Roles)
    VALUES ('Cuba Gooding Jr.', 'What Dreams May Come', 'Albert Lewis')
INSERT INTO ActedIn (_vertexId, _sink, Roles)
    VALUES ('Max von Sydow', 'What Dreams May Come', 'The Tracker')
INSERT INTO ActedIn (_vertexId, _sink, Roles)
    VALUES ('Werner Herzog', 'What Dreams May Come', 'The Face')
INSERT INTO ActedIn (_vertexId, _sink, Roles)
    VALUES ('Annabella Sciorra', 'What Dreams May Come', 'Annie Collins-Nielsen')
INSERT INTO ActedIn (_vertexId, _sink, Roles)
    VALUES ('Ethan Hawke', 'Snow Falling on Cedars', 'Ishmael Chambers')
INSERT INTO ActedIn (_vertexId, _sink, Roles)
    VALUES ('Rick Yune', 'Snow Falling on Cedars', 'Kazuo Miyamoto')
INSERT INTO ActedIn (_vertexId, _sink, Roles)
    VALUES ('Max von Sydow', 'Snow Falling on Cedars', 'Nels Gudmundsson')
INSERT INTO ActedIn (_vertexId, _sink, Roles)
    VALUES ('James Cromwell', 'Snow Falling on Cedars', 'Judge Fielding')
INSERT INTO ActedIn (_vertexId, _sink, Roles)
    VALUES ('Tom Hanks', 'You''ve Got Mail', 'Joe Fox')
INSERT INTO ActedIn (_vertexId, _sink, Roles)
    VALUES ('Parker Posey', 'You''ve Got Mail', 'Patricia Eden')
INSERT INTO ActedIn (_vertexId, _sink, Roles)
    VALUES ('Greg Kinnear', 'You''ve Got Mail', 'Frank Navasky')
INSERT INTO ActedIn (_vertexId, _sink, Roles)
    VALUES ('Meg Ryan', 'You''ve Got Mail', 'Kathleen Kelly')
INSERT INTO ActedIn (_vertexId, _sink, Roles)
    VALUES ('Steve Zahn', 'You''ve Got Mail', 'George Pappas')
INSERT INTO ActedIn (_vertexId, _sink, Roles)
    VALUES ('Dave Chappelle', 'You''ve Got Mail', 'Kevin Jackson')
INSERT INTO ActedIn (_vertexId, _sink, Roles)
    VALUES ('Meg Ryan', 'Sleepless in Seattle', 'Annie Reed')
INSERT INTO ActedIn (_vertexId, _sink, Roles)
    VALUES ('Victor Garber', 'Sleepless in Seattle', 'Greg')
INSERT INTO ActedIn (_vertexId, _sink, Roles)
    VALUES ('Tom Hanks', 'Sleepless in Seattle', 'Sam Baldwin')
INSERT INTO ActedIn (_vertexId, _sink, Roles)
    VALUES ('Bill Pullman', 'Sleepless in Seattle', 'Walter')
INSERT INTO ActedIn (_vertexId, _sink, Roles)
    VALUES ('Rita Wilson', 'Sleepless in Seattle', 'Suzy')
INSERT INTO ActedIn (_vertexId, _sink, Roles)
    VALUES ('Rosie O''Donnell', 'Sleepless in Seattle', 'Becky')
INSERT INTO ActedIn (_vertexId, _sink, Roles)
    VALUES ('Tom Hanks', 'Joe Versus the Volcano', 'Joe Banks')
INSERT INTO ActedIn (_vertexId, _sink, Roles)
    VALUES ('Nathan Lane', 'Joe Versus the Volcano', 'Baw')
INSERT INTO ActedIn (_vertexId, _sink, Roles)
    VALUES ('Meg Ryan', 'Joe Versus the Volcano', 'DeDe|Angelica Graynamore|Patricia Graynamore')
INSERT INTO ActedIn (_vertexId, _sink, Roles)
    VALUES ('Carrie Fisher', 'When Harry Met Sally', 'Marie')
INSERT INTO ActedIn (_vertexId, _sink, Roles)
    VALUES ('Billy Crystal', 'When Harry Met Sally', 'Harry Burns')
INSERT INTO ActedIn (_vertexId, _sink, Roles)
    VALUES ('Bruno Kirby', 'When Harry Met Sally', 'Jess')
INSERT INTO ActedIn (_vertexId, _sink, Roles)
    VALUES ('Meg Ryan', 'When Harry Met Sally', 'Sally Albright')
INSERT INTO ActedIn (_vertexId, _sink, Roles)
    VALUES ('Tom Hanks', 'That Thing You Do', 'Mr. White')
INSERT INTO ActedIn (_vertexId, _sink, Roles)
    VALUES ('Liv Tyler', 'That Thing You Do', 'Faye Dolan')
INSERT INTO ActedIn (_vertexId, _sink, Roles)
    VALUES ('Charlize Theron', 'That Thing You Do', 'Tina')
INSERT INTO ActedIn (_vertexId, _sink, Roles)
    VALUES ('Brooke Langton', 'The Replacements', 'Annabelle Farrell')
INSERT INTO ActedIn (_vertexId, _sink, Roles)
    VALUES ('Keanu Reeves', 'The Replacements', 'Shane Falco')
INSERT INTO ActedIn (_vertexId, _sink, Roles)
    VALUES ('Orlando Jones', 'The Replacements', 'Clifford Franklin')
INSERT INTO ActedIn (_vertexId, _sink, Roles)
    VALUES ('Gene Hackman', 'The Replacements', 'Jimmy McGinty')
INSERT INTO ActedIn (_vertexId, _sink, Roles)
    VALUES ('Zach Grenier', 'RescueDawn', 'Squad Leader')
INSERT INTO ActedIn (_vertexId, _sink, Roles)
    VALUES ('Steve Zahn', 'RescueDawn', 'Duane')
INSERT INTO ActedIn (_vertexId, _sink, Roles)
    VALUES ('Christian Bale', 'RescueDawn', 'Dieter Dengler')
INSERT INTO ActedIn (_vertexId, _sink, Roles)
    VALUES ('Marshall Bell', 'RescueDawn', 'Admiral')
INSERT INTO ActedIn (_vertexId, _sink, Roles)
    VALUES ('Robin Williams', 'The Birdcage', 'Armand Goldman')
INSERT INTO ActedIn (_vertexId, _sink, Roles)
    VALUES ('Nathan Lane', 'The Birdcage', 'Albert Goldman')
INSERT INTO ActedIn (_vertexId, _sink, Roles)
    VALUES ('Gene Hackman', 'The Birdcage', 'Sen. Kevin Keeley')
INSERT INTO ActedIn (_vertexId, _sink, Roles)
    VALUES ('Clint Eastwood', 'Unforgiven', 'Bill Munny')
INSERT INTO ActedIn (_vertexId, _sink, Roles)
    VALUES ('Gene Hackman', 'Unforgiven', 'Little Bill Daggett')
INSERT INTO ActedIn (_vertexId, _sink, Roles)
    VALUES ('Richard Harris', 'Unforgiven', 'English Bob')
INSERT INTO ActedIn (_vertexId, _sink, Roles)
    VALUES ('Ice-T', 'Johnny Mnemonic', 'J-Bone')
INSERT INTO ActedIn (_vertexId, _sink, Roles)
    VALUES ('Dina Meyer', 'Johnny Mnemonic', 'Jane')
INSERT INTO ActedIn (_vertexId, _sink, Roles)
    VALUES ('Keanu Reeves', 'Johnny Mnemonic', 'Johnny Mnemonic')
INSERT INTO ActedIn (_vertexId, _sink, Roles)
    VALUES ('Takeshi Kitano', 'Johnny Mnemonic', 'Takahashi')
INSERT INTO ActedIn (_vertexId, _sink, Roles)
    VALUES ('Tom Hanks', 'Cloud Atlas', 'Zachry|Dr. Henry Goose|Isaac Sachs|Dermot Hoggins')
INSERT INTO ActedIn (_vertexId, _sink, Roles)
    VALUES ('Jim Broadbent', 'Cloud Atlas', 'Vyvyan Ayrs|Captain Molyneux|Timothy Cavendish')
INSERT INTO ActedIn (_vertexId, _sink, Roles)
    VALUES ('Halle Berry', 'Cloud Atlas', 'Luisa Rey|Jocasta Ayrs|Ovid|Meronym')
INSERT INTO ActedIn (_vertexId, _sink, Roles)
    VALUES ('Hugo Weaving', 'Cloud Atlas', 'Bill Smoke|Haskell Moore|Tadeusz Kesselring|Nurse Noakes|Boardman Mephi|Old Georgie')
INSERT INTO ActedIn (_vertexId, _sink, Roles)
    VALUES ('Tom Hanks', 'The Da Vinci Code', 'Dr. Robert Langdon')
INSERT INTO ActedIn (_vertexId, _sink, Roles)
    VALUES ('Ian McKellen', 'The Da Vinci Code', 'Sir Leight Teabing')
INSERT INTO ActedIn (_vertexId, _sink, Roles)
    VALUES ('Audrey Tautou', 'The Da Vinci Code', 'Sophie Neveu')
INSERT INTO ActedIn (_vertexId, _sink, Roles)
    VALUES ('Paul Bettany', 'The Da Vinci Code', 'Silas')
INSERT INTO ActedIn (_vertexId, _sink, Roles)
    VALUES ('John Hurt', 'V for Vendetta', 'High Chancellor Adam Sutler')
INSERT INTO ActedIn (_vertexId, _sink, Roles)
    VALUES ('Stephen Rea', 'V for Vendetta', 'Eric Finch')
INSERT INTO ActedIn (_vertexId, _sink, Roles)
    VALUES ('Natalie Portman', 'V for Vendetta', 'Evey Hammond')
INSERT INTO ActedIn (_vertexId, _sink, Roles)
    VALUES ('Hugo Weaving', 'V for Vendetta', 'V')
INSERT INTO ActedIn (_vertexId, _sink, Roles)
    VALUES ('', 'V for Vendetta', 'Dascomb')
INSERT INTO ActedIn (_vertexId, _sink, Roles)
    VALUES ('Emile Hirsch', 'Speed Racer', 'Speed Racer')
INSERT INTO ActedIn (_vertexId, _sink, Roles)
    VALUES ('Rain', 'Speed Racer', 'Taejo Togokahn')
INSERT INTO ActedIn (_vertexId, _sink, Roles)
    VALUES ('Christina Ricci', 'Speed Racer', 'Trixie')
INSERT INTO ActedIn (_vertexId, _sink, Roles)
    VALUES ('', 'Speed Racer', 'Cass Jones')
INSERT INTO ActedIn (_vertexId, _sink, Roles)
    VALUES ('Susan Sarandon', 'Speed Racer', 'Mom')
INSERT INTO ActedIn (_vertexId, _sink, Roles)
    VALUES ('John Goodman', 'Speed Racer', 'Pops')
INSERT INTO ActedIn (_vertexId, _sink, Roles)
    VALUES ('Matthew Fox', 'Speed Racer', 'Racer X')
INSERT INTO ActedIn (_vertexId, _sink, Roles)
    VALUES ('Rain', 'Ninja Assassin', 'Raizo')
INSERT INTO ActedIn (_vertexId, _sink, Roles)
    VALUES ('', 'Ninja Assassin', 'Ryan Maslow')
INSERT INTO ActedIn (_vertexId, _sink, Roles)
    VALUES ('Rick Yune', 'Ninja Assassin', 'Takeshi')
INSERT INTO ActedIn (_vertexId, _sink, Roles)
    VALUES ('Naomie Harris', 'Ninja Assassin', 'Mika Coretti')
INSERT INTO ActedIn (_vertexId, _sink, Roles)
    VALUES ('Sam Rockwell', 'The Green Mile', '"Wild Bill" Wharton')
INSERT INTO ActedIn (_vertexId, _sink, Roles)
    VALUES ('Bonnie Hunt', 'The Green Mile', 'Jan Edgecomb')
INSERT INTO ActedIn (_vertexId, _sink, Roles)
    VALUES ('Patricia Clarkson', 'The Green Mile', 'Melinda Moores')
INSERT INTO ActedIn (_vertexId, _sink, Roles)
    VALUES ('James Cromwell', 'The Green Mile', 'Warden Hal Moores')
INSERT INTO ActedIn (_vertexId, _sink, Roles)
    VALUES ('Tom Hanks', 'The Green Mile', 'Paul Edgecomb')
INSERT INTO ActedIn (_vertexId, _sink, Roles)
    VALUES ('Michael Clarke Duncan', 'The Green Mile', 'John Coffey')
INSERT INTO ActedIn (_vertexId, _sink, Roles)
    VALUES ('David Morse', 'The Green Mile', 'Brutus "Brutal" Howell')
INSERT INTO ActedIn (_vertexId, _sink, Roles)
    VALUES ('Gary Sinise', 'The Green Mile', 'Burt Hammersmith')
INSERT INTO ActedIn (_vertexId, _sink, Roles)
    VALUES ('Sam Rockwell', 'Frost/Nixon', 'James Reston, Jr.')
INSERT INTO ActedIn (_vertexId, _sink, Roles)
    VALUES ('Michael Sheen', 'Frost/Nixon', 'David Frost')
INSERT INTO ActedIn (_vertexId, _sink, Roles)
    VALUES ('Frank Langella', 'Frost/Nixon', 'Richard Nixon')
INSERT INTO ActedIn (_vertexId, _sink, Roles)
    VALUES ('Oliver Platt', 'Frost/Nixon', 'Bob Zelnick')
INSERT INTO ActedIn (_vertexId, _sink, Roles)
    VALUES ('Kevin Bacon', 'Frost/Nixon', 'Jack Brennan')
INSERT INTO ActedIn (_vertexId, _sink, Roles)
    VALUES ('John C. Reilly', 'Hoffa', 'Peter "Pete" Connelly')
INSERT INTO ActedIn (_vertexId, _sink, Roles)
    VALUES ('Danny DeVito', 'Hoffa', 'Robert "Bobby" Ciaro')
INSERT INTO ActedIn (_vertexId, _sink, Roles)
    VALUES ('J.T. Walsh', 'Hoffa', 'Frank Fitzsimmons')
INSERT INTO ActedIn (_vertexId, _sink, Roles)
    VALUES ('Jack Nicholson', 'Hoffa', 'Hoffa')
INSERT INTO ActedIn (_vertexId, _sink, Roles)
    VALUES ('Tom Hanks', 'Apollo 13', 'Jim Lovell')
INSERT INTO ActedIn (_vertexId, _sink, Roles)
    VALUES ('Ed Harris', 'Apollo 13', 'Gene Kranz')
INSERT INTO ActedIn (_vertexId, _sink, Roles)
    VALUES ('Gary Sinise', 'Apollo 13', 'Ken Mattingly')
INSERT INTO ActedIn (_vertexId, _sink, Roles)
    VALUES ('Kevin Bacon', 'Apollo 13', 'Jack Swigert')
INSERT INTO ActedIn (_vertexId, _sink, Roles)
    VALUES ('Bill Paxton', 'Apollo 13', 'Fred Haise')
INSERT INTO ActedIn (_vertexId, _sink, Roles)
    VALUES ('Helen Hunt', 'Twister', 'Dr. Jo Harding')
INSERT INTO ActedIn (_vertexId, _sink, Roles)
    VALUES ('Bill Paxton', 'Twister', 'Bill Harding')
INSERT INTO ActedIn (_vertexId, _sink, Roles)
    VALUES ('Philip Seymour Hoffman', 'Twister', 'Dustin "Dusty" Davis')
INSERT INTO ActedIn (_vertexId, _sink, Roles)
    VALUES ('Zach Grenier', 'Twister', 'Eddie')
INSERT INTO ActedIn (_vertexId, _sink, Roles)
    VALUES ('Helen Hunt', 'Cast Away', 'Kelly Frears')
INSERT INTO ActedIn (_vertexId, _sink, Roles)
    VALUES ('Tom Hanks', 'Cast Away', 'Chuck Noland')
INSERT INTO ActedIn (_vertexId, _sink, Roles)
    VALUES ('Danny DeVito', 'One Flew Over the Cuckoo''s Nest', 'Martini')
INSERT INTO ActedIn (_vertexId, _sink, Roles)
    VALUES ('Jack Nicholson', 'One Flew Over the Cuckoo''s Nest', 'Randle McMurphy')
INSERT INTO ActedIn (_vertexId, _sink, Roles)
    VALUES ('Keanu Reeves', 'Something''s Gotta Give', 'Julian Mercer')
INSERT INTO ActedIn (_vertexId, _sink, Roles)
    VALUES ('Diane Keaton', 'Something''s Gotta Give', 'Erica Barry')
INSERT INTO ActedIn (_vertexId, _sink, Roles)
    VALUES ('Jack Nicholson', 'Something''s Gotta Give', 'Harry Sanborn')
INSERT INTO ActedIn (_vertexId, _sink, Roles)
    VALUES ('Robin Williams', 'Bicentennial Man', 'Andrew Marin')
INSERT INTO ActedIn (_vertexId, _sink, Roles)
    VALUES ('Oliver Platt', 'Bicentennial Man', 'Rupert Burns')
INSERT INTO ActedIn (_vertexId, _sink, Roles)
    VALUES ('Julia Roberts', 'Charlie Wilson''s War', 'Joanne Herring')
INSERT INTO ActedIn (_vertexId, _sink, Roles)
    VALUES ('Tom Hanks', 'Charlie Wilson''s War', 'Rep. Charlie Wilson')
INSERT INTO ActedIn (_vertexId, _sink, Roles)
    VALUES ('Philip Seymour Hoffman', 'Charlie Wilson''s War', 'Gust Avrakotos')
INSERT INTO ActedIn (_vertexId, _sink, Roles)
    VALUES ('Tom Hanks', 'The Polar Express', 'Hero Boy|Father|Conductor|Hobo|Scrooge|Santa Claus')
INSERT INTO ActedIn (_vertexId, _sink, Roles)
    VALUES ('Tom Hanks', 'A League of Their Own', 'Jimmy Dugan')
INSERT INTO ActedIn (_vertexId, _sink, Roles)
    VALUES ('Madonna', 'A League of Their Own', '"All the Way" Mae Mordabito')
INSERT INTO ActedIn (_vertexId, _sink, Roles)
    VALUES ('Rosie O''Donnell', 'A League of Their Own', 'Doris Murphy')
INSERT INTO ActedIn (_vertexId, _sink, Roles)
    VALUES ('Geena Davis', 'A League of Their Own', 'Dottie Hinson')
INSERT INTO ActedIn (_vertexId, _sink, Roles)
    VALUES ('Bill Paxton', 'A League of Their Own', 'Bob Hinson')
INSERT INTO ActedIn (_vertexId, _sink, Roles)
    VALUES ('Lori Petty', 'A League of Their Own', 'Kit Keller')
DROP TABLE IF EXISTS dbo.Produced
CREATE TABLE dbo.Produced
(
    _vertexId varchar(100)
    , _sink varchar(100)
    , CONSTRAINT PK_PRODUCED
    PRIMARY KEY CLUSTERED (_vertexId, _sink)
    WITH (IGNORE_DUP_KEY = OFF)
)
INSERT INTO Produced (_vertexId, _sink)
    VALUES ('Joel Silver', 'The Matrix')
INSERT INTO Produced (_vertexId, _sink)
    VALUES ('Joel Silver', 'The Matrix Reloaded')
INSERT INTO Produced (_vertexId, _sink)
    VALUES ('Joel Silver', 'The Matrix Revolutions')
INSERT INTO Produced (_vertexId, _sink)
    VALUES ('Cameron Crowe', 'Jerry Maguire')
INSERT INTO Produced (_vertexId, _sink)
    VALUES ('Nora Ephron', 'When Harry Met Sally')
INSERT INTO Produced (_vertexId, _sink)
    VALUES ('Rob Reiner', 'When Harry Met Sally')
INSERT INTO Produced (_vertexId, _sink)
    VALUES ('Stefan Arndt', 'Cloud Atlas')
INSERT INTO Produced (_vertexId, _sink)
    VALUES ('Lana Wachowski', 'V for Vendetta')
INSERT INTO Produced (_vertexId, _sink)
    VALUES ('Lilly Wachowski', 'V for Vendetta')
INSERT INTO Produced (_vertexId, _sink)
    VALUES ('Joel Silver', 'V for Vendetta')
INSERT INTO Produced (_vertexId, _sink)
    VALUES ('Joel Silver', 'Speed Racer')
INSERT INTO Produced (_vertexId, _sink)
    VALUES ('Lana Wachowski', 'Ninja Assassin')
INSERT INTO Produced (_vertexId, _sink)
    VALUES ('Joel Silver', 'Ninja Assassin')
INSERT INTO Produced (_vertexId, _sink)
    VALUES ('Lilly Wachowski', 'Ninja Assassin')
INSERT INTO Produced (_vertexId, _sink)
    VALUES ('Nancy Meyers', 'Something''s Gotta Give')
DROP TABLE IF EXISTS dbo.Directed
CREATE TABLE dbo.Directed
(
    _vertexId varchar(100)
    , _sink varchar(100)
    , CONSTRAINT PK_DIRECTED
    PRIMARY KEY CLUSTERED (_vertexId, _sink)
    WITH (IGNORE_DUP_KEY = OFF)
)
INSERT INTO Directed (_vertexId, _sink)
    VALUES ('Lana Wachowski', 'The Matrix')
INSERT INTO Directed (_vertexId, _sink)
    VALUES ('Lilly Wachowski', 'The Matrix')
INSERT INTO Directed (_vertexId, _sink)
    VALUES ('Lana Wachowski', 'The Matrix Reloaded')
INSERT INTO Directed (_vertexId, _sink)
    VALUES ('Lilly Wachowski', 'The Matrix Reloaded')
INSERT INTO Directed (_vertexId, _sink)
    VALUES ('Lana Wachowski', 'The Matrix Revolutions')
INSERT INTO Directed (_vertexId, _sink)
    VALUES ('Lilly Wachowski', 'The Matrix Revolutions')
INSERT INTO Directed (_vertexId, _sink)
    VALUES ('Taylor Hackford', 'The Devil''s Advocate')
INSERT INTO Directed (_vertexId, _sink)
    VALUES ('Rob Reiner', 'A Few Good Men')
INSERT INTO Directed (_vertexId, _sink)
    VALUES ('Tony Scott', 'Top Gun')
INSERT INTO Directed (_vertexId, _sink)
    VALUES ('Cameron Crowe', 'Jerry Maguire')
INSERT INTO Directed (_vertexId, _sink)
    VALUES ('Rob Reiner', 'Stand By Me')
INSERT INTO Directed (_vertexId, _sink)
    VALUES ('James L. Brooks', 'As Good as It Gets')
INSERT INTO Directed (_vertexId, _sink)
    VALUES ('Vincent Ward', 'What Dreams May Come')
INSERT INTO Directed (_vertexId, _sink)
    VALUES ('Scott Hicks', 'Snow Falling on Cedars')
INSERT INTO Directed (_vertexId, _sink)
    VALUES ('Nora Ephron', 'You''ve Got Mail')
INSERT INTO Directed (_vertexId, _sink)
    VALUES ('Nora Ephron', 'Sleepless in Seattle')
INSERT INTO Directed (_vertexId, _sink)
    VALUES ('John Patrick Stanley', 'Joe Versus the Volcano')
INSERT INTO Directed (_vertexId, _sink)
    VALUES ('Rob Reiner', 'When Harry Met Sally')
INSERT INTO Directed (_vertexId, _sink)
    VALUES ('Tom Hanks', 'That Thing You Do')
INSERT INTO Directed (_vertexId, _sink)
    VALUES ('Howard Deutch', 'The Replacements')
INSERT INTO Directed (_vertexId, _sink)
    VALUES ('Werner Herzog', 'RescueDawn')
INSERT INTO Directed (_vertexId, _sink)
    VALUES ('Mike Nichols', 'The Birdcage')
INSERT INTO Directed (_vertexId, _sink)
    VALUES ('Clint Eastwood', 'Unforgiven')
INSERT INTO Directed (_vertexId, _sink)
    VALUES ('Robert Longo', 'Johnny Mnemonic')
INSERT INTO Directed (_vertexId, _sink)
    VALUES ('Tom Tykwer', 'Cloud Atlas')
INSERT INTO Directed (_vertexId, _sink)
    VALUES ('Lana Wachowski', 'Cloud Atlas')
INSERT INTO Directed (_vertexId, _sink)
    VALUES ('Lilly Wachowski', 'Cloud Atlas')
INSERT INTO Directed (_vertexId, _sink)
    VALUES ('Ron Howard', 'The Da Vinci Code')
INSERT INTO Directed (_vertexId, _sink)
    VALUES ('James Marshall', 'V for Vendetta')
INSERT INTO Directed (_vertexId, _sink)
    VALUES ('Lana Wachowski', 'Speed Racer')
INSERT INTO Directed (_vertexId, _sink)
    VALUES ('Lilly Wachowski', 'Speed Racer')
INSERT INTO Directed (_vertexId, _sink)
    VALUES ('James Marshall', 'Ninja Assassin')
INSERT INTO Directed (_vertexId, _sink)
    VALUES ('Frank Darabont', 'The Green Mile')
INSERT INTO Directed (_vertexId, _sink)
    VALUES ('Ron Howard', 'Frost/Nixon')
INSERT INTO Directed (_vertexId, _sink)
    VALUES ('Danny DeVito', 'Hoffa')
INSERT INTO Directed (_vertexId, _sink)
    VALUES ('Ron Howard', 'Apollo 13')
INSERT INTO Directed (_vertexId, _sink)
    VALUES ('Jan de Bont', 'Twister')
INSERT INTO Directed (_vertexId, _sink)
    VALUES ('Robert Zemeckis', 'Cast Away')
INSERT INTO Directed (_vertexId, _sink)
    VALUES ('Milos Forman', 'One Flew Over the Cuckoo''s Nest')
INSERT INTO Directed (_vertexId, _sink)
    VALUES ('Nancy Meyers', 'Something''s Gotta Give')
INSERT INTO Directed (_vertexId, _sink)
    VALUES ('Chris Columbus', 'Bicentennial Man')
INSERT INTO Directed (_vertexId, _sink)
    VALUES ('Mike Nichols', 'Charlie Wilson''s War')
INSERT INTO Directed (_vertexId, _sink)
    VALUES ('Robert Zemeckis', 'The Polar Express')
INSERT INTO Directed (_vertexId, _sink)
    VALUES ('Penny Marshall', 'A League of Their Own')
DROP TABLE IF EXISTS dbo.Wrote
CREATE TABLE dbo.Wrote
(
    _vertexId varchar(100)
    , _sink varchar(100)
    , CONSTRAINT PK_WROTE
    PRIMARY KEY CLUSTERED (_vertexId, _sink)
    WITH (IGNORE_DUP_KEY = OFF)
)
INSERT INTO Wrote (_vertexId, _sink)
    VALUES ('Aaron Sorkin', 'A Few Good Men')
INSERT INTO Wrote (_vertexId, _sink)
    VALUES ('Jim Cash', 'Top Gun')
INSERT INTO Wrote (_vertexId, _sink)
    VALUES ('Cameron Crowe', 'Jerry Maguire')
INSERT INTO Wrote (_vertexId, _sink)
    VALUES ('Nora Ephron', 'When Harry Met Sally')
INSERT INTO Wrote (_vertexId, _sink)
    VALUES ('David Mitchell', 'Cloud Atlas')
INSERT INTO Wrote (_vertexId, _sink)
    VALUES ('Lana Wachowski', 'V for Vendetta')
INSERT INTO Wrote (_vertexId, _sink)
    VALUES ('Lilly Wachowski', 'V for Vendetta')
INSERT INTO Wrote (_vertexId, _sink)
    VALUES ('Lana Wachowski', 'Speed Racer')
INSERT INTO Wrote (_vertexId, _sink)
    VALUES ('Lilly Wachowski', 'Speed Racer')
INSERT INTO Wrote (_vertexId, _sink)
    VALUES ('Nancy Meyers', 'Something''s Gotta Give')
DROP TABLE IF EXISTS dbo.Reviewed
CREATE TABLE dbo.Reviewed
(
    _vertexId varchar(100)
    , _sink varchar(100)
    , Summary varchar(MAX)
    , Rating int
    , CONSTRAINT PK_REVIEWED
    PRIMARY KEY CLUSTERED (_vertexId, _sink)
    WITH (IGNORE_DUP_KEY = OFF)
)
INSERT INTO Reviewed (_vertexId, _sink, Summary, Rating)
    VALUES ('Jessica Thompson', 'Jerry Maguire', 'You had me at Jerry', 92)
INSERT INTO Reviewed (_vertexId, _sink, Summary, Rating)
    VALUES ('James Thompson', 'The Replacements', 'The coolest football movie ever', 100)
INSERT INTO Reviewed (_vertexId, _sink, Summary, Rating)
    VALUES ('Angela Scope', 'The Replacements', 'Pretty funny at times', 62)
INSERT INTO Reviewed (_vertexId, _sink, Summary, Rating)
    VALUES ('Jessica Thompson', 'The Replacements', 'Silly, but fun', 65)
INSERT INTO Reviewed (_vertexId, _sink, Summary, Rating)
    VALUES ('Jessica Thompson', 'The Birdcage', 'Slapstick redeemed only by the Robin Williams and Gene Hackman''s stellar performances', 45)
INSERT INTO Reviewed (_vertexId, _sink, Summary, Rating)
    VALUES ('Jessica Thompson', 'Unforgiven', 'Dark, but compelling', 85)
INSERT INTO Reviewed (_vertexId, _sink, Summary, Rating)
    VALUES ('Jessica Thompson', 'Cloud Atlas', 'An amazing journey', 95)
INSERT INTO Reviewed (_vertexId, _sink, Summary, Rating)
    VALUES ('Jessica Thompson', 'The Da Vinci Code', 'A solid romp', 68)
INSERT INTO Reviewed (_vertexId, _sink, Summary, Rating)
    VALUES ('James Thompson', 'The Da Vinci Code', 'Fun, but a little far fetched', 65)
DROP TABLE IF EXISTS dbo.Follows
CREATE TABLE dbo.Follows
(
    _vertexId varchar(100)
    , _sink varchar(100)
    , CONSTRAINT PK_FOLLOWS
    PRIMARY KEY CLUSTERED (_vertexId, _sink)
    WITH (IGNORE_DUP_KEY = OFF)
)
INSERT INTO Follows (_vertexId, _sink)
    VALUES ('Paul Blythe', 'Angela Scope')
INSERT INTO Follows (_vertexId, _sink)
    VALUES ('Angela Scope', 'Jessica Thompson')
INSERT INTO Follows (_vertexId, _sink)
    VALUES ('James Thompson', 'Jessica Thompson')
